params,total_trades,win_rate,total_pnl,avg_pnl,profit_factor,gross_profit,gross_loss,avg_win,avg_loss,avg_rr_ratio,winning_trades,losing_trades,composite_score
"{'ema_length': 20, 'ema_backcandles': 21, 'hl_backcandles': 14, 'sl_tick_distance': 0.02, 'tp_multiplier': 3.0}",6,100.0,536.9999999999891,89.49999999999818,inf,536.9999999999891,0.0,89.49999999999818,0.0,0.0,6,0,
"{'ema_length': 20, 'ema_backcandles': 21, 'hl_backcandles': 14, 'sl_tick_distance': 0.02, 'tp_multiplier': 2.0}",6,100.0,505.9999999999832,84.33333333333053,inf,505.9999999999832,0.0,84.33333333333053,0.0,0.0,6,0,
"{'ema_length': 20, 'ema_backcandles': 21, 'hl_backcandles': 14, 'sl_tick_distance': 0.02, 'tp_multiplier': 2.5}",6,100.0,505.9999999999832,84.33333333333053,inf,505.9999999999832,0.0,84.33333333333053,0.0,0.0,6,0,
"{'ema_length': 20, 'ema_backcandles': 21, 'hl_backcandles': 14, 'sl_tick_distance': 0.02, 'tp_multiplier': 1.5}",6,100.0,456.99999999999363,76.1666666666656,inf,456.99999999999363,0.0,76.1666666666656,0.0,0.0,6,0,
"{'ema_length': 20, 'ema_backcandles': 7, 'hl_backcandles': 14, 'sl_tick_distance': 0.02, 'tp_multiplier': 3.0}",14,78.57142857142857,490.9999999999741,35.07142857142672,2.6815068493149377,782.9999999999814,292.0000000000073,71.18181818181648,-97.33333333333576,0.7313200498131648,11,3,0.4714285714285714
"{'ema_length': 20, 'ema_backcandles': 7, 'hl_backcandles': 14, 'sl_tick_distance': 0.02, 'tp_multiplier': 1.5}",14,78.57142857142857,460.9999999999786,32.9285714285699,2.578767123287559,752.9999999999859,292.0000000000073,68.45454545454417,-97.33333333333576,0.7033001245329705,11,3,0.4714285714285714
"{'ema_length': 20, 'ema_backcandles': 7, 'hl_backcandles': 14, 'sl_tick_distance': 0.02, 'tp_multiplier': 2.0}",14,78.57142857142857,459.99999999996817,32.85714285714058,2.5753424657532764,751.9999999999754,292.0000000000073,68.36363636363413,-97.33333333333576,0.7023661270236208,11,3,0.4714285714285714
"{'ema_length': 20, 'ema_backcandles': 7, 'hl_backcandles': 14, 'sl_tick_distance': 0.02, 'tp_multiplier': 2.5}",14,78.57142857142857,459.99999999996817,32.85714285714058,2.5753424657532764,751.9999999999754,292.0000000000073,68.36363636363413,-97.33333333333576,0.7023661270236208,11,3,0.4714285714285714
"{'ema_length': 30, 'ema_backcandles': 21, 'hl_backcandles': 14, 'sl_tick_distance': 0.02, 'tp_multiplier': 2.0}",106,53.77358490566038,2508.9999999999404,23.669811320754157,1.8563139931740356,5438.999999999958,2930.000000000018,95.42105263157822,-59.79591836734731,1.5957786958864517,57,49,0.32264150943396225
"{'ema_length': 30, 'ema_backcandles': 21, 'hl_backcandles': 14, 'sl_tick_distance': 0.02, 'tp_multiplier': 2.5}",106,53.77358490566038,2417.999999999904,22.811320754716075,1.8252559726962077,5347.999999999922,2930.000000000018,93.8245614035074,-59.79591836734731,1.5690796958265645,57,49,0.32264150943396225
"{'ema_length': 30, 'ema_backcandles': 21, 'hl_backcandles': 14, 'sl_tick_distance': 0.02, 'tp_multiplier': 3.0}",106,53.77358490566038,2370.9999999999295,22.367924528301224,1.8092150170648171,5300.999999999947,2930.000000000018,92.99999999999908,-59.79591836734731,1.5552901023890533,57,49,0.32264150943396225
"{'ema_length': 30, 'ema_backcandles': 21, 'hl_backcandles': 14, 'sl_tick_distance': 0.02, 'tp_multiplier': 1.5}",106,53.77358490566038,2327.999999999969,21.962264150943106,1.7945392491467418,5257.999999999986,2930.000000000018,92.24561403508748,-59.79591836734731,1.5426740913717607,57,49,0.32264150943396225
"{'ema_length': 20, 'ema_backcandles': 21, 'hl_backcandles': 7, 'sl_tick_distance': 0.02, 'tp_multiplier': 1.5}",223,52.01793721973094,2637.9999999999427,11.829596412555796,1.4210694333599252,8902.999999999967,6265.0000000000255,76.74999999999972,-59.666666666666906,1.2863128491620013,116,107,0.3121076233183856
"{'ema_length': 30, 'ema_backcandles': 7, 'hl_backcandles': 14, 'sl_tick_distance': 0.02, 'tp_multiplier': 2.0}",131,51.908396946564885,2208.999999999941,16.862595419846876,1.5544678714859275,6192.999999999949,3984.000000000009,91.07352941176396,-63.23809523809538,1.4401687632884328,68,63,0.31145038167938927
"{'ema_length': 30, 'ema_backcandles': 7, 'hl_backcandles': 14, 'sl_tick_distance': 0.02, 'tp_multiplier': 3.0}",131,51.908396946564885,2179.9999999999213,16.6412213740452,1.547188755020059,6163.999999999929,3984.000000000009,90.64705882352837,-63.23809523809538,1.4334248759744663,68,63,0.31145038167938927
"{'ema_length': 30, 'ema_backcandles': 7, 'hl_backcandles': 14, 'sl_tick_distance': 0.02, 'tp_multiplier': 2.5}",131,51.908396946564885,2168.999999999903,16.557251908396207,1.5444277108433475,6152.999999999911,3984.000000000009,90.48529411764575,-63.23809523809538,1.430866849751925,68,63,0.31145038167938927
"{'ema_length': 30, 'ema_backcandles': 7, 'hl_backcandles': 14, 'sl_tick_distance': 0.02, 'tp_multiplier': 1.5}",131,51.908396946564885,2077.999999999969,15.862595419847093,1.5215863453815168,6061.999999999977,3984.000000000009,89.14705882352908,-63.23809523809538,1.4097049964564055,68,63,0.31145038167938927
"{'ema_length': 20, 'ema_backcandles': 21, 'hl_backcandles': 7, 'sl_tick_distance': 0.02, 'tp_multiplier': 2.0}",222,50.9009009009009,2074.999999999949,9.346846846846617,1.3297314476402258,8367.999999999973,6293.000000000024,74.0530973451325,-58.81308411214975,1.2591262380310102,113,109,0.3054054054054054
"{'ema_length': 20, 'ema_backcandles': 21, 'hl_backcandles': 7, 'sl_tick_distance': 0.02, 'tp_multiplier': 3.0}",221,50.2262443438914,1804.9999999999272,8.167420814479309,1.2891238186769054,8047.999999999951,6243.000000000024,72.50450450450406,-58.34579439252359,1.2426689062921519,111,110,0.3013574660633484
"{'ema_length': 20, 'ema_backcandles': 21, 'hl_backcandles': 7, 'sl_tick_distance': 0.02, 'tp_multiplier': 2.5}",222,50.0,2015.99999999994,9.08108108108081,1.3179309257214842,8356.999999999965,6341.0000000000255,75.28828828828797,-58.712962962963196,1.282311170972255,111,111,0.3
"{'ema_length': 20, 'ema_backcandles': 7, 'hl_backcandles': 7, 'sl_tick_distance': 0.02, 'tp_multiplier': 1.5}",607,49.75288303130148,3104.9999999998645,5.1153212520590845,1.1686217008797573,21518.999999999935,18414.000000000073,71.254966887417,-61.5852842809367,1.1570128760365808,302,305,0.29851729818780887
"{'ema_length': 30, 'ema_backcandles': 21, 'hl_backcandles': 7, 'sl_tick_distance': 0.02, 'tp_multiplier': 1.5}",704,49.14772727272727,5525.999999999885,7.849431818181656,1.2752266161968264,25603.999999999916,20078.00000000003,73.99999999999976,-56.55774647887332,1.3083972507221773,346,358,0.2948863636363636
"{'ema_length': 20, 'ema_backcandles': 7, 'hl_backcandles': 7, 'sl_tick_distance': 0.02, 'tp_multiplier': 2.0}",605,48.925619834710744,2767.999999999887,4.575206611570062,1.1515632699994458,21030.99999999995,18263.000000000062,71.0506756756755,-60.27392739273948,1.1787961851683515,296,309,0.29355371900826444
"{'ema_length': 30, 'ema_backcandles': 21, 'hl_backcandles': 7, 'sl_tick_distance': 0.02, 'tp_multiplier': 2.0}",700,48.57142857142857,4694.999999999885,6.707142857142694,1.2321728810206645,24916.999999999924,20222.000000000036,73.28529411764683,-56.64425770308134,1.2937815250716975,340,360,0.2914285714285714
"{'ema_length': 20, 'ema_backcandles': 7, 'hl_backcandles': 7, 'sl_tick_distance': 0.02, 'tp_multiplier': 3.0}",602,48.50498338870432,2549.999999999858,4.235880398670861,1.1397030625102638,20802.999999999927,18253.000000000073,71.24315068493125,-60.24092409240948,1.18263708198839,292,310,0.2910299003322259
"{'ema_length': 30, 'ema_backcandles': 7, 'hl_backcandles': 7, 'sl_tick_distance': 0.02, 'tp_multiplier': 1.5}",1408,48.4375,7181.999999999766,5.100852272727106,1.1766528925619775,47837.99999999981,40656.000000000044,70.14369501466248,-56.782122905028,1.235313007440434,682,726,0.29062499999999997
"{'ema_length': 20, 'ema_backcandles': 7, 'hl_backcandles': 7, 'sl_tick_distance': 0.02, 'tp_multiplier': 2.5}",603,48.424543946932005,2817.9999999998754,4.673300165837273,1.1535611138357507,21168.999999999945,18351.000000000073,72.49657534246556,-60.365131578947604,1.2009677349522885,292,311,0.290547263681592
"{'ema_length': 30, 'ema_backcandles': 21, 'hl_backcandles': 7, 'sl_tick_distance': 0.02, 'tp_multiplier': 2.5}",698,48.28080229226361,4664.999999999861,6.683381088825016,1.2314102882087332,24823.999999999898,20159.000000000036,73.66172106824895,-56.46778711484604,1.3044910174792812,337,361,0.2896848137535816
"{'ema_length': 30, 'ema_backcandles': 21, 'hl_backcandles': 7, 'sl_tick_distance': 0.02, 'tp_multiplier': 3.0}",696,48.275862068965516,4488.999999999856,6.449712643677954,1.223288897731787,24592.99999999989,20104.000000000036,73.19345238095205,-56.47191011235965,1.2961037130729647,336,360,0.28965517241379307
"{'ema_length': 30, 'ema_backcandles': 7, 'hl_backcandles': 7, 'sl_tick_distance': 0.02, 'tp_multiplier': 2.0}",1399,47.89135096497498,7168.999999999824,5.124374553252197,1.1773758566939607,47585.999999999876,40417.00000000006,71.02388059701474,-56.21279554937421,1.2634824491984442,670,729,0.2873481057898499
"{'ema_length': 30, 'ema_backcandles': 7, 'hl_backcandles': 7, 'sl_tick_distance': 0.02, 'tp_multiplier': 2.5}",1395,47.598566308243726,6527.999999999758,4.679569892472945,1.1617523167649473,46885.999999999825,40358.00000000007,70.61144578313227,-56.05277777777788,1.2597314278174128,664,731,0.28559139784946236
"{'ema_length': 30, 'ema_backcandles': 7, 'hl_backcandles': 7, 'sl_tick_distance': 0.02, 'tp_multiplier': 3.0}",1391,47.59166067577282,6380.999999999778,4.587347232206886,1.158909226746352,46535.999999999854,40155.00000000007,70.29607250755265,-55.92618384401124,1.2569438441146237,662,729,0.28554996405463695
